Recall,Precision
0.0,1.0
0.1,1.0
0.2,1.0
0.30000000000000004,0.18181818181818182
0.4,0.017605633802816902
0.5,0.017605633802816902
0.6000000000000001,0.017605633802816902
0.7000000000000001,0.017605633802816902
0.8,0.017605633802816902
0.9,0.017605633802816902
1.0,0.017605633802816902
