Recall,Precision
0.0,1.0
0.1,1.0
0.2,1.0
0.30000000000000004,0.2
0.4,0.02032520325203252
0.5,0.02032520325203252
0.6000000000000001,0.02032520325203252
0.7000000000000001,0.02032520325203252
0.8,0.02032520325203252
0.9,0.02032520325203252
1.0,0.02032520325203252
